<?xml version="1.0" encoding="UTF-8"?><gmd:MD_Metadata xmlns:xlink="http://www.w3.org/1999/xlink" xmlns:srv="http://www.isotc211.org/2005/srv" xmlns:gts="http://www.isotc211.org/2005/gts" xmlns:gmd="http://www.isotc211.org/2005/gmd" xmlns:gco="http://www.isotc211.org/2005/gco" xmlns:gml="http://www.opengis.net/gml" xmlns:xsi="http://www.w3.org/2001/XMLSchema-instance">
<gmd:fileIdentifier>
<gco:CharacterString>E825D266-ABD7-485F-9D02-9AB449E0A692</gco:CharacterString>
</gmd:fileIdentifier>
<gmd:language>
<gmd:LanguageCode codeList="http://www.loc.gov/standards/iso639-2/php/code_list.php" codeListValue="eng" codeSpace="ISO639-2">eng</gmd:LanguageCode>
</gmd:language>
<gmd:characterSet>
<gmd:MD_CharacterSetCode codeList="http://www.isotc211.org/2005/resources/Codelist/gmxCodelists.xml#MD_CharacterSetCode" codeListValue="utf8" codeSpace="ISOTC211/19115">utf8</gmd:MD_CharacterSetCode>
</gmd:characterSet>
<gmd:hierarchyLevel>
<gmd:MD_ScopeCode codeList="http://www.isotc211.org/2005/resources/Codelist/gmxCodelists.xml#MD_ScopeCode" codeListValue="dataset" codeSpace="ISOTC211/19115">dataset</gmd:MD_ScopeCode>
</gmd:hierarchyLevel>
<gmd:contact>
<gmd:CI_ResponsibleParty>
<gmd:individualName>
<gco:CharacterString>Knox, Ryan</gco:CharacterString>
</gmd:individualName>
<gmd:organisationName>
<gco:CharacterString>Vermont Agency of Natural Resources</gco:CharacterString>
</gmd:organisationName>
<gmd:positionName>
<gco:CharacterString>Gis Projects Supervisor</gco:CharacterString>
</gmd:positionName>
<gmd:contactInfo>
<gmd:CI_Contact>
<gmd:phone>
<gmd:CI_Telephone>
<gmd:voice>
<gco:CharacterString>802-793-0297</gco:CharacterString>
</gmd:voice>
</gmd:CI_Telephone>
</gmd:phone>
<gmd:address>
<gmd:CI_Address>
<gmd:deliveryPoint>
<gco:CharacterString>1 National Life Dr - Davis 6</gco:CharacterString>
</gmd:deliveryPoint>
<gmd:city>
<gco:CharacterString>Montpelier</gco:CharacterString>
</gmd:city>
<gmd:administrativeArea>
<gco:CharacterString>VT</gco:CharacterString>
</gmd:administrativeArea>
<gmd:postalCode>
<gco:CharacterString>05620-3802</gco:CharacterString>
</gmd:postalCode>
<gmd:electronicMailAddress>
<gco:CharacterString>ryan.knox@vermont.gov</gco:CharacterString>
</gmd:electronicMailAddress>
</gmd:CI_Address>
</gmd:address>
</gmd:CI_Contact>
</gmd:contactInfo>
<gmd:role>
<gmd:CI_RoleCode codeList="http://www.isotc211.org/2005/resources/Codelist/gmxCodelists.xml#CI_RoleCode" codeListValue="custodian" codeSpace="ISOTC211/19115">custodian</gmd:CI_RoleCode>
</gmd:role>
</gmd:CI_ResponsibleParty>
</gmd:contact>
<dateStamp>
<gco:Date>2016-10-26</gco:Date>
</dateStamp>
<gmd:metadataStandardName>
<gco:CharacterString>NAP - Metadata</gco:CharacterString>
</gmd:metadataStandardName>
<gmd:metadataStandardVersion>
<gco:CharacterString>1.2</gco:CharacterString>
</gmd:metadataStandardVersion>
<gmd:spatialRepresentationInfo>
<gmd:MD_VectorSpatialRepresentation>
<gmd:topologyLevel>
<gmd:MD_TopologyLevelCode codeList="http://www.isotc211.org/2005/resources/Codelist/gmxCodelists.xml#MD_TopologyLevelCode" codeListValue="geometryOnly" codeSpace="ISOTC211/19115">geometryOnly</gmd:MD_TopologyLevelCode>
</gmd:topologyLevel>
<gmd:geometricObjects>
<gmd:MD_GeometricObjects>
<gmd:geometricObjectType>
<gmd:MD_GeometricObjectTypeCode codeList="http://www.isotc211.org/2005/resources/Codelist/gmxCodelists.xml#MD_GeometricObjectTypeCode" codeListValue="point" codeSpace="ISOTC211/19115">point</gmd:MD_GeometricObjectTypeCode>
</gmd:geometricObjectType>
</gmd:MD_GeometricObjects>
</gmd:geometricObjects>
</gmd:MD_VectorSpatialRepresentation>
</gmd:spatialRepresentationInfo>
<gmd:referenceSystemInfo>
<gmd:MD_ReferenceSystem>
<gmd:referenceSystemIdentifier>
<gmd:RS_Identifier>
<gmd:code>
<gco:CharacterString>32145</gco:CharacterString>
</gmd:code>
<gmd:codeSpace>
<gco:CharacterString>EPSG</gco:CharacterString>
</gmd:codeSpace>
<gmd:version>
<gco:CharacterString>8.6.2</gco:CharacterString>
</gmd:version>
</gmd:RS_Identifier>
</gmd:referenceSystemIdentifier>
</gmd:MD_ReferenceSystem>
</gmd:referenceSystemInfo>
<gmd:identificationInfo>
<gmd:MD_DataIdentification>
<gmd:citation>
<gmd:CI_Citation>
<gmd:title>
<gco:CharacterString>Outdoor Recreation Sites Inventory</gco:CharacterString>
</gmd:title>
<gmd:date>
<gmd:CI_Date>
<date>
<gco:Date>1999-06-01</gco:Date>
</date>
<gmd:dateType>
<gmd:CI_DateTypeCode codeList="http://www.isotc211.org/2005/resources/Codelist/gmxCodelists.xml#CI_DateTypeCode" codeListValue="publication" codeSpace="ISOTC211/19115">publication</gmd:CI_DateTypeCode>
</gmd:dateType>
</gmd:CI_Date>
</gmd:date>
<gmd:edition>
<gco:CharacterString>1999</gco:CharacterString>
</gmd:edition>
<gmd:citedResponsibleParty>
<gmd:CI_ResponsibleParty>
<gmd:individualName>
<gco:CharacterString>Savage, Jessica</gco:CharacterString>
</gmd:individualName>
<gmd:organisationName>
<gco:CharacterString>Vermont Forest and Parks Department</gco:CharacterString>
</gmd:organisationName>
<gmd:positionName>
<gco:CharacterString>Recreation Coordinator</gco:CharacterString>
</gmd:positionName>
<gmd:contactInfo>
<gmd:CI_Contact>
<gmd:phone>
<gmd:CI_Telephone>
<gmd:voice>
<gco:CharacterString>802-249-1230</gco:CharacterString>
</gmd:voice>
</gmd:CI_Telephone>
</gmd:phone>
<gmd:address>
<gmd:CI_Address>
<gmd:deliveryPoint>
<gco:CharacterString>1 National Life Drive, Davis 2</gco:CharacterString>
</gmd:deliveryPoint>
<gmd:city>
<gco:CharacterString>Montpelier</gco:CharacterString>
</gmd:city>
<gmd:administrativeArea>
<gco:CharacterString>VT</gco:CharacterString>
</gmd:administrativeArea>
<gmd:postalCode>
<gco:CharacterString>05620-3801</gco:CharacterString>
</gmd:postalCode>
<gmd:electronicMailAddress>
<gco:CharacterString>Jessica.Savage@vermont.gov</gco:CharacterString>
</gmd:electronicMailAddress>
</gmd:CI_Address>
</gmd:address>
</gmd:CI_Contact>
</gmd:contactInfo>
<gmd:role>
<gmd:CI_RoleCode codeList="http://www.isotc211.org/2005/resources/Codelist/gmxCodelists.xml#CI_RoleCode" codeListValue="pointOfContact" codeSpace="ISOTC211/19115">pointOfContact</gmd:CI_RoleCode>
</gmd:role>
</gmd:CI_ResponsibleParty>
</gmd:citedResponsibleParty>
<gmd:presentationForm>
<gmd:CI_PresentationFormCode codeList="http://www.isotc211.org/2005/resources/Codelist/gmxCodelists.xml#CI_PresentationFormCode" codeListValue="mapDigital" codeSpace="ISOTC211/19115">mapDigital</gmd:CI_PresentationFormCode>
</gmd:presentationForm>
<gmd:otherCitationDetails>
<gco:CharacterString>Tile Structure - STATE</gco:CharacterString>
</gmd:otherCitationDetails>
</gmd:CI_Citation>
</gmd:citation>
<gmd:abstract>
<gco:CharacterString>The RECSITES data layer contains a wide range of recreational sites in Vermont. This point data layer includes parks, ski areas, boat access points, and many other recreational features.</gco:CharacterString>
</gmd:abstract>
<gmd:purpose>
<gco:CharacterString>Provide information on the location of Vermont Outdoor Recreation Sites</gco:CharacterString>
</gmd:purpose>
<gmd:credit>
<gco:CharacterString>VT Forests Parks and Recreation</gco:CharacterString>
</gmd:credit>
<gmd:status>
<gmd:MD_ProgressCode codeList="http://www.isotc211.org/2005/resources/Codelist/gmxCodelists.xml#MD_ProgressCode" codeListValue="completed" codeSpace="ISOTC211/19115">completed</gmd:MD_ProgressCode>
</gmd:status>
<gmd:pointOfContact>
<gmd:CI_ResponsibleParty>
<gmd:individualName>
<gco:CharacterString>Savage, Jessica</gco:CharacterString>
</gmd:individualName>
<gmd:organisationName>
<gco:CharacterString>Vermont Forest and Parks Department</gco:CharacterString>
</gmd:organisationName>
<gmd:positionName>
<gco:CharacterString>Recreation Coordinator</gco:CharacterString>
</gmd:positionName>
<gmd:contactInfo>
<gmd:CI_Contact>
<gmd:phone>
<gmd:CI_Telephone>
<gmd:voice>
<gco:CharacterString>802-249-1230</gco:CharacterString>
</gmd:voice>
</gmd:CI_Telephone>
</gmd:phone>
<gmd:address>
<gmd:CI_Address>
<gmd:deliveryPoint>
<gco:CharacterString>1 National Life Drive, Davis 2</gco:CharacterString>
</gmd:deliveryPoint>
<gmd:city>
<gco:CharacterString>Montpelier</gco:CharacterString>
</gmd:city>
<gmd:administrativeArea>
<gco:CharacterString>VT</gco:CharacterString>
</gmd:administrativeArea>
<gmd:postalCode>
<gco:CharacterString>05620-3801</gco:CharacterString>
</gmd:postalCode>
<gmd:electronicMailAddress>
<gco:CharacterString>Jessica.Savage@vermont.gov</gco:CharacterString>
</gmd:electronicMailAddress>
</gmd:CI_Address>
</gmd:address>
</gmd:CI_Contact>
</gmd:contactInfo>
<gmd:role>
<gmd:CI_RoleCode codeList="http://www.isotc211.org/2005/resources/Codelist/gmxCodelists.xml#CI_RoleCode" codeListValue="pointOfContact" codeSpace="ISOTC211/19115">pointOfContact</gmd:CI_RoleCode>
</gmd:role>
</gmd:CI_ResponsibleParty>
</gmd:pointOfContact>
<gmd:resourceMaintenance>
<gmd:MD_MaintenanceInformation>
<gmd:maintenanceAndUpdateFrequency>
<gmd:MD_MaintenanceFrequencyCode codeList="http://www.isotc211.org/2005/resources/Codelist/gmxCodelists.xml#MD_MaintenanceFrequencyCode" codeListValue="asNeeded" codeSpace="ISOTC211/19115">asNeeded</gmd:MD_MaintenanceFrequencyCode>
</gmd:maintenanceAndUpdateFrequency>
</gmd:MD_MaintenanceInformation>
</gmd:resourceMaintenance>
<gmd:graphicOverview>
<gmd:MD_BrowseGraphic>
<gmd:fileName>
<gco:CharacterString>&lt;http://geo-vt.uvm.edu/cfdev2/warehouse/data/pics/RECSITES.gif&gt;</gco:CharacterString>
</gmd:fileName>
<gmd:fileDescription>
<gco:CharacterString>GIF</gco:CharacterString>
</gmd:fileDescription>
<gmd:fileType>
<gco:CharacterString>GIF</gco:CharacterString>
</gmd:fileType>
</gmd:MD_BrowseGraphic>
</gmd:graphicOverview>
<gmd:descriptiveKeywords>
<gmd:MD_Keywords>
<gmd:keyword>
<gco:CharacterString>NFL area</gco:CharacterString>
</gmd:keyword>
<gmd:keyword>
<gco:CharacterString>northern forest lands</gco:CharacterString>
</gmd:keyword>
<gmd:type>
<gmd:MD_KeywordTypeCode codeList="http://www.isotc211.org/2005/resources/Codelist/gmxCodelists.xml#MD_KeywordTypeCode" codeListValue="place" codeSpace="ISOTC211/19115">place</gmd:MD_KeywordTypeCode>
</gmd:type>
</gmd:MD_Keywords>
</gmd:descriptiveKeywords>
<gmd:descriptiveKeywords>
<gmd:MD_Keywords>
<gmd:keyword>
<gco:CharacterString>NFL area</gco:CharacterString>
</gmd:keyword>
<gmd:keyword>
<gco:CharacterString>northern forest lands</gco:CharacterString>
</gmd:keyword>
<gmd:type>
<gmd:MD_KeywordTypeCode codeList="http://www.isotc211.org/2005/resources/Codelist/gmxCodelists.xml#MD_KeywordTypeCode" codeListValue="place" codeSpace="ISOTC211/19115">place</gmd:MD_KeywordTypeCode>
</gmd:type>
</gmd:MD_Keywords>
</gmd:descriptiveKeywords>
<gmd:descriptiveKeywords>
<gmd:MD_Keywords>
<gmd:keyword>
<gco:CharacterString>Stratum_Keyword</gco:CharacterString>
</gmd:keyword>
<gmd:type>
<gmd:MD_KeywordTypeCode codeList="http://www.isotc211.org/2005/resources/Codelist/gmxCodelists.xml#MD_KeywordTypeCode" codeListValue="stratum" codeSpace="ISOTC211/19115">stratum</gmd:MD_KeywordTypeCode>
</gmd:type>
</gmd:MD_Keywords>
</gmd:descriptiveKeywords>
<gmd:descriptiveKeywords>
<gmd:MD_Keywords>
<gmd:keyword>
<gco:CharacterString>recreation</gco:CharacterString>
</gmd:keyword>
<gmd:keyword>
<gco:CharacterString>Outdoor Recreation Sites</gco:CharacterString>
</gmd:keyword>
<gmd:keyword>
<gco:CharacterString>recreation areas</gco:CharacterString>
</gmd:keyword>
<gmd:type>
<gmd:MD_KeywordTypeCode codeList="http://www.isotc211.org/2005/resources/Codelist/gmxCodelists.xml#MD_KeywordTypeCode" codeListValue="theme" codeSpace="ISOTC211/19115">theme</gmd:MD_KeywordTypeCode>
</gmd:type>
</gmd:MD_Keywords>
</gmd:descriptiveKeywords>
<gmd:descriptiveKeywords>
<gmd:MD_Keywords>
<gmd:keyword>
<gco:CharacterString>recreation</gco:CharacterString>
</gmd:keyword>
<gmd:keyword>
<gco:CharacterString>Outdoor Recreation Sites</gco:CharacterString>
</gmd:keyword>
<gmd:keyword>
<gco:CharacterString>recreation areas</gco:CharacterString>
</gmd:keyword>
<gmd:type>
<gmd:MD_KeywordTypeCode codeList="http://www.isotc211.org/2005/resources/Codelist/gmxCodelists.xml#MD_KeywordTypeCode" codeListValue="theme" codeSpace="ISOTC211/19115">theme</gmd:MD_KeywordTypeCode>
</gmd:type>
</gmd:MD_Keywords>
</gmd:descriptiveKeywords>
<gmd:descriptiveKeywords>
<gmd:MD_Keywords>
<gmd:keyword>
<gco:CharacterString>recreation</gco:CharacterString>
</gmd:keyword>
<gmd:keyword>
<gco:CharacterString>Outdoor Recreation Sites</gco:CharacterString>
</gmd:keyword>
<gmd:keyword>
<gco:CharacterString>recreation areas</gco:CharacterString>
</gmd:keyword>
<gmd:type>
<gmd:MD_KeywordTypeCode codeList="http://www.isotc211.org/2005/resources/Codelist/gmxCodelists.xml#MD_KeywordTypeCode" codeListValue="theme" codeSpace="ISOTC211/19115">theme</gmd:MD_KeywordTypeCode>
</gmd:type>
</gmd:MD_Keywords>
</gmd:descriptiveKeywords>
<gmd:descriptiveKeywords>
<gmd:MD_Keywords>
<gmd:keyword>
<gco:CharacterString>Downloadable Data</gco:CharacterString>
</gmd:keyword>
<gmd:thesaurusName uuidref="723f6998-058e-11dc-8314-0800200c9a66"/>
</gmd:MD_Keywords>
</gmd:descriptiveKeywords>
<gmd:resourceConstraints>
<gmd:MD_Constraints>
<gmd:useLimitation>
<gco:CharacterString>This coverage was developed with the help of many public officials (ie. town clerks, town business owners, park regional managers etc.). The nature of this coverage is such that points may have been missed. This is the best available data at this time.</gco:CharacterString>
</gmd:useLimitation>
</gmd:MD_Constraints>
</gmd:resourceConstraints>
<gmd:resourceConstraints>
<gmd:MD_LegalConstraints>
<gmd:useLimitation>
<gco:CharacterString>VCGI and the State of Vermont make no representations of any kind, including but not limited to the warranties of merchantability or fitness for a particular use, nor are any such warranties to be implied with respect to the data.</gco:CharacterString>
</gmd:useLimitation>
</gmd:MD_LegalConstraints>
</gmd:resourceConstraints>
<gmd:resourceConstraints>
<gmd:MD_SecurityConstraints>
<gmd:classification>
<gmd:MD_ClassificationCode codeList="http://www.isotc211.org/2005/resources/Codelist/gmxCodelists.xml#MD_ClassificationCode" codeListValue="unclassified" codeSpace="ISOTC211/19115">unclassified</gmd:MD_ClassificationCode>
</gmd:classification>
<gmd:classificationSystem>
<gco:CharacterString>N/A</gco:CharacterString>
</gmd:classificationSystem>
<gmd:handlingDescription>
<gco:CharacterString>No Security Considerations</gco:CharacterString>
</gmd:handlingDescription>
</gmd:MD_SecurityConstraints>
</gmd:resourceConstraints>
<gmd:spatialRepresentationType>
<gmd:MD_SpatialRepresentationTypeCode codeList="http://www.isotc211.org/2005/resources/Codelist/gmxCodelists.xml#MD_SpatialRepresentationTypeCode" codeListValue="vector" codeSpace="ISOTC211/19115">vector</gmd:MD_SpatialRepresentationTypeCode>
</gmd:spatialRepresentationType>
<gmd:language>
<gmd:LanguageCode codeList="http://www.loc.gov/standards/iso639-2/php/code_list.php" codeListValue="eng" codeSpace="ISO639-2">eng</gmd:LanguageCode>
</gmd:language>
<gmd:characterSet>
<gmd:MD_CharacterSetCode codeList="http://www.isotc211.org/2005/resources/Codelist/gmxCodelists.xml#MD_CharacterSetCode" codeListValue="utf8" codeSpace="ISOTC211/19115">utf8</gmd:MD_CharacterSetCode>
</gmd:characterSet>
<gmd:topicCategory>
<gmd:MD_TopicCategoryCode>society</gmd:MD_TopicCategoryCode>
</gmd:topicCategory>
<gmd:environmentDescription>
<gco:CharacterString>Microsoft Windows 7 Version 6.1 (Build 7601) Service Pack 1; Esri ArcGIS 10.3.1.4959</gco:CharacterString>
</gmd:environmentDescription>
<gmd:extent>
<gmd:EX_Extent>
<gmd:geographicElement>
<gmd:EX_GeographicBoundingBox>
<gmd:westBoundLongitude>
<gco:Decimal>-73.47547</gco:Decimal>
</gmd:westBoundLongitude>
<gmd:eastBoundLongitude>
<gco:Decimal>-71.46558</gco:Decimal>
</gmd:eastBoundLongitude>
<gmd:southBoundLatitude>
<gco:Decimal>42.70496</gco:Decimal>
</gmd:southBoundLatitude>
<gmd:northBoundLatitude>
<gco:Decimal>45.04176</gco:Decimal>
</gmd:northBoundLatitude>
</gmd:EX_GeographicBoundingBox>
</gmd:geographicElement>
</gmd:EX_Extent>
</gmd:extent>
<gmd:extent>
<gmd:EX_Extent>
<gmd:description>
<gco:CharacterString>Ground Condition</gco:CharacterString>
</gmd:description>
</gmd:EX_Extent>
</gmd:extent>
<gmd:extent>
<gmd:EX_Extent>
<gmd:geographicElement>
<gmd:EX_GeographicBoundingBox>
<gmd:extentTypeCode>
<gco:Boolean>true</gco:Boolean>
</gmd:extentTypeCode>
<gmd:westBoundLongitude>
<gco:Decimal>-73.443044</gco:Decimal>
</gmd:westBoundLongitude>
<gmd:eastBoundLongitude>
<gco:Decimal>-71.535179</gco:Decimal>
</gmd:eastBoundLongitude>
<gmd:southBoundLatitude>
<gco:Decimal>42.746675</gco:Decimal>
</gmd:southBoundLatitude>
<gmd:northBoundLatitude>
<gco:Decimal>45.015275</gco:Decimal>
</gmd:northBoundLatitude>
</gmd:EX_GeographicBoundingBox>
</gmd:geographicElement>
</gmd:EX_Extent>
</gmd:extent>
</gmd:MD_DataIdentification>
</gmd:identificationInfo>
<gmd:distributionInfo>
<gmd:MD_Distribution>
<gmd:distributionFormat>
<gmd:MD_Format>
<gmd:name>
<gco:CharacterString>Shapefile</gco:CharacterString>
</gmd:name>
<gmd:version gco:nilReason="missing"/>
</gmd:MD_Format>
</gmd:distributionFormat>
<gmd:transferOptions>
<gmd:MD_DigitalTransferOptions/>
</gmd:transferOptions>
</gmd:MD_Distribution>
</gmd:distributionInfo>
<gmd:dataQualityInfo>
<gmd:DQ_DataQuality>
<gmd:scope>
<gmd:DQ_Scope>
<gmd:level>
<gmd:MD_ScopeCode codeList="http://www.isotc211.org/2005/resources/Codelist/gmxCodelists.xml#MD_ScopeCode" codeListValue="dataset" codeSpace="ISOTC211/19115">dataset</gmd:MD_ScopeCode>
</gmd:level>
</gmd:DQ_Scope>
</gmd:scope>
<gmd:report>
<gmd:DQ_CompletenessCommission>
<gmd:evaluationMethodDescription>
<gco:CharacterString>The maps used to create RECSITES were generated with RF 5000 scale road centerline data, RF 100000 scale rivers data (DLGSWnn), town boundaries (TBHASH), and reference data such as VGIS layers MANAREA and GEONAME. Visual field inspections of some sites,(including verification of point locations) reference was made to New England River Basins Commission Shoreland Communities Access Points map. Also cross referenced to the Delorme Gazetteer, VAPCO campground listings and State Lands County Maps. NOTE: Chittenden County regional planning commission developed the outdoor recreation coverage within the planning commision boundary. In some areas there were updates made with the method described above.</gco:CharacterString>
</gmd:evaluationMethodDescription>
<gmd:result gco:nilReason="missing"/>
</gmd:DQ_CompletenessCommission>
</gmd:report>
<gmd:report>
<gmd:DQ_ConceptualConsistency>
<gmd:measureDescription>
<gco:CharacterString>The activities section (#5) has not been completed.</gco:CharacterString>
</gmd:measureDescription>
<gmd:result gco:nilReason="missing"/>
</gmd:DQ_ConceptualConsistency>
</gmd:report>
<gmd:report>
<gmd:DQ_CompletenessOmission>
<gmd:measureDescription>
<gco:CharacterString>The maps used to create RECSITES were generated with RF 5000 scale road centerline data, RF 100000 scale rivers data (DLGSWnn), town boundaries (TBHASH), and reference data such as VGIS layers MANAREA and GEONAME. Visual field inspections of some sites,(including verification of point locations) reference was made to New England River Basins Commission Shoreland Communities Access Points map. Also cross referenced to the Delorme Gazetteer, VAPCO campground listings and State Lands County Maps. NOTE: Chittenden County regional planning commission developed the outdoor recreation coverage within the planning commision boundary. In some areas there were updates made with the method described above.</gco:CharacterString>
</gmd:measureDescription>
<gmd:result gco:nilReason="missing"/>
</gmd:DQ_CompletenessOmission>
</gmd:report>
<gmd:report>
<gmd:DQ_QuantitativeAttributeAccuracy>
<gmd:measureDescription>
<gco:CharacterString>Attribute data was gathered from site managers, town recreation directors, state regional managers and planning officials.</gco:CharacterString>
</gmd:measureDescription>
<gmd:result gco:nilReason="missing"/>
</gmd:DQ_QuantitativeAttributeAccuracy>
</gmd:report>
<gmd:report>
<gmd:DQ_AbsoluteExternalPositionalAccuracy>
<gmd:measureDescription>
<gco:CharacterString>Recreational sites were located on paper maps and then screen digitized using RF5000 and RF100000 data in the background.</gco:CharacterString>
</gmd:measureDescription>
<gmd:result gco:nilReason="missing"/>
</gmd:DQ_AbsoluteExternalPositionalAccuracy>
</gmd:report>
<gmd:lineage>
<gmd:LI_Lineage>
<gmd:processStep>
<gmd:LI_ProcessStep>
<gmd:description>
<gco:CharacterString>Data provided to VCGI in 1999. VCGI created FGDC compliant metadata and integrated data into VGIS Data Warehouse.</gco:CharacterString>
</gmd:description>
<dateTime>
<gco:DateTime>2001-02-16T00:00:00</gco:DateTime>
</dateTime>
<gmd:processor>
<gmd:CI_ResponsibleParty>
<gmd:individualName>
<gco:CharacterString>Steve Sharp</gco:CharacterString>
</gmd:individualName>
<gmd:organisationName>
<gco:CharacterString>VCGI</gco:CharacterString>
</gmd:organisationName>
<gmd:positionName>
<gco:CharacterString>GIS Database Administrator</gco:CharacterString>
</gmd:positionName>
<gmd:contactInfo gco:nilReason="missing"/>
<gmd:role>
<gmd:CI_RoleCode codeList="http://www.isotc211.org/2005/resources/Codelist/gmxCodelists.xml#CI_RoleCode" codeListValue="processor" codeSpace="ISOTC211/19115">processor</gmd:CI_RoleCode>
</gmd:role>
</gmd:CI_ResponsibleParty>
</gmd:processor>
</gmd:LI_ProcessStep>
</gmd:processStep>
<gmd:source>
<gmd:LI_Source>
<gmd:description>
<gco:CharacterString>Vermont Outdoor Recreation Inventory - Summary Report - June 1999</gco:CharacterString>
</gmd:description>
<gmd:sourceCitation>
<gmd:CI_Citation>
<gmd:title>
<gco:CharacterString>RECSITES</gco:CharacterString>
</gmd:title>
<gmd:date>
<gmd:CI_Date>
<date>
<gco:Date>1999-06-01</gco:Date>
</date>
<gmd:dateType>
<gmd:CI_DateTypeCode codeList="http://www.isotc211.org/2005/resources/Codelist/gmxCodelists.xml#CI_DateTypeCode" codeListValue="publication" codeSpace="ISOTC211/19115">publication</gmd:CI_DateTypeCode>
</gmd:dateType>
</gmd:CI_Date>
</gmd:date>
<gmd:citedResponsibleParty gco:nilReason="missing"/>
</gmd:CI_Citation>
</gmd:sourceCitation>
<gmd:sourceExtent>
<gmd:EX_Extent>
<gmd:description>
<gco:CharacterString>Publication Date</gco:CharacterString>
</gmd:description>
<gmd:temporalElement>
<gmd:EX_TemporalExtent>
<gmd:extent>
<gml:TimeInstant gml:id="N65938">
<gml:timePosition>1999-06-01</gml:timePosition>
</gml:TimeInstant>
</gmd:extent>
</gmd:EX_TemporalExtent>
</gmd:temporalElement>
</gmd:EX_Extent>
</gmd:sourceExtent>
</gmd:LI_Source>
</gmd:source>
</gmd:LI_Lineage>
</gmd:lineage>
</gmd:DQ_DataQuality>
</gmd:dataQualityInfo>
<gmd:metadataConstraints>
<gmd:MD_SecurityConstraints>
<gmd:classification>
<gmd:MD_ClassificationCode codeList="http://www.isotc211.org/2005/resources/Codelist/gmxCodelists.xml#MD_ClassificationCode" codeListValue="unclassified" codeSpace="ISOTC211/19115">unclassified</gmd:MD_ClassificationCode>
</gmd:classification>
<gmd:classificationSystem>
<gco:CharacterString>N/A</gco:CharacterString>
</gmd:classificationSystem>
<gmd:handlingDescription>
<gco:CharacterString>No security considerations</gco:CharacterString>
</gmd:handlingDescription>
</gmd:MD_SecurityConstraints>
</gmd:metadataConstraints>
</gmd:MD_Metadata>
