<?xml version="1.0" encoding="UTF-8"?><gmd:MD_Metadata xmlns:xlink="http://www.w3.org/1999/xlink" xmlns:srv="http://www.isotc211.org/2005/srv" xmlns:gts="http://www.isotc211.org/2005/gts" xmlns:gmd="http://www.isotc211.org/2005/gmd" xmlns:gco="http://www.isotc211.org/2005/gco" xmlns:gml="http://www.opengis.net/gml" xmlns:xsi="http://www.w3.org/2001/XMLSchema-instance">
<gmd:fileIdentifier>
<gco:CharacterString>1477668671941r6656648283091718</gco:CharacterString>
</gmd:fileIdentifier>
<gmd:language>
<gmd:LanguageCode codeList="http://www.loc.gov/standards/iso639-2/php/code_list.php" codeListValue="eng" codeSpace="ISO639-2">eng</gmd:LanguageCode>
</gmd:language>
<gmd:characterSet>
<gmd:MD_CharacterSetCode codeList="http://www.isotc211.org/2005/resources/Codelist/gmxCodelists.xml#MD_CharacterSetCode" codeListValue="utf8" codeSpace="ISOTC211/19115">utf8</gmd:MD_CharacterSetCode>
</gmd:characterSet>
<gmd:hierarchyLevel>
<gmd:MD_ScopeCode codeList="http://www.isotc211.org/2005/resources/Codelist/gmxCodelists.xml#MD_ScopeCode" codeListValue="dataset" codeSpace="ISOTC211/19115">dataset</gmd:MD_ScopeCode>
</gmd:hierarchyLevel>
<gmd:contact>
<gmd:CI_ResponsibleParty>
<gmd:individualName>
<gco:CharacterString>GIS Database Administrator</gco:CharacterString>
</gmd:individualName>
<gmd:organisationName>
<gco:CharacterString>VT Center for Geographic Information</gco:CharacterString>
</gmd:organisationName>
<gmd:contactInfo>
<gmd:CI_Contact>
<gmd:phone>
<gmd:CI_Telephone>
<gmd:voice>
<gco:CharacterString>802/882-3002</gco:CharacterString>
</gmd:voice>
<gmd:voice>
<gco:CharacterString>None</gco:CharacterString>
</gmd:voice>
<gmd:facsimile>
<gco:CharacterString>802/828-3383</gco:CharacterString>
</gmd:facsimile>
</gmd:CI_Telephone>
</gmd:phone>
<gmd:address>
<gmd:CI_Address>
<gmd:deliveryPoint>
<gco:CharacterString>1 National Life Dr., Davis Building, 6th Floor</gco:CharacterString>
</gmd:deliveryPoint>
<gmd:city>
<gco:CharacterString>Montpelier</gco:CharacterString>
</gmd:city>
<gmd:administrativeArea>
<gco:CharacterString>VT</gco:CharacterString>
</gmd:administrativeArea>
<gmd:postalCode>
<gco:CharacterString>05620-0501</gco:CharacterString>
</gmd:postalCode>
<gmd:country>
<gco:CharacterString>US</gco:CharacterString>
</gmd:country>
</gmd:CI_Address>
</gmd:address>
</gmd:CI_Contact>
</gmd:contactInfo>
<gmd:role>
<gmd:CI_RoleCode codeList="http://www.isotc211.org/2005/resources/Codelist/gmxCodelists.xml#CI_RoleCode" codeListValue="pointOfContact" codeSpace="ISOTC211/19115">pointOfContact</gmd:CI_RoleCode>
</gmd:role>
</gmd:CI_ResponsibleParty>
</gmd:contact>
<dateStamp>
<gco:Date>2003-02-17</gco:Date>
</dateStamp>
<gmd:metadataStandardName>
<gco:CharacterString>NAP - Metadata</gco:CharacterString>
</gmd:metadataStandardName>
<gmd:metadataStandardVersion>
<gco:CharacterString>1.2</gco:CharacterString>
</gmd:metadataStandardVersion>
<gmd:spatialRepresentationInfo>
<gmd:MD_VectorSpatialRepresentation>
<gmd:geometricObjects>
<gmd:MD_GeometricObjects>
<gmd:geometricObjectType>
<gmd:MD_GeometricObjectTypeCode codeList="http://www.isotc211.org/2005/resources/Codelist/gmxCodelists.xml#MD_GeometricObjectTypeCode" codeListValue="point" codeSpace="ISOTC211/19115">point</gmd:MD_GeometricObjectTypeCode>
</gmd:geometricObjectType>
</gmd:MD_GeometricObjects>
</gmd:geometricObjects>
</gmd:MD_VectorSpatialRepresentation>
</gmd:spatialRepresentationInfo>
<gmd:referenceSystemInfo>
<gmd:MD_ReferenceSystem>
<gmd:referenceSystemIdentifier>
<gmd:RS_Identifier>
<gmd:code>
<gco:CharacterString>32145</gco:CharacterString>
</gmd:code>
<gmd:codeSpace>
<gco:CharacterString>EPSG</gco:CharacterString>
</gmd:codeSpace>
</gmd:RS_Identifier>
</gmd:referenceSystemIdentifier>
</gmd:MD_ReferenceSystem>
</gmd:referenceSystemInfo>
<gmd:identificationInfo>
<gmd:MD_DataIdentification>
<gmd:citation>
<gmd:CI_Citation>
<gmd:title>
<gco:CharacterString>FacilitiesSchools_PTSCHOOL</gco:CharacterString>
</gmd:title>
<gmd:date>
<gmd:CI_Date>
<date>
<gco:Date>2003-02-17</gco:Date>
</date>
<gmd:dateType>
<gmd:CI_DateTypeCode codeList="http://www.isotc211.org/2005/resources/Codelist/gmxCodelists.xml#CI_DateTypeCode" codeListValue="publication" codeSpace="ISOTC211/19115">publication</gmd:CI_DateTypeCode>
</gmd:dateType>
</gmd:CI_Date>
</gmd:date>
<gmd:edition>
<gco:CharacterString>2014a</gco:CharacterString>
</gmd:edition>
<gmd:citedResponsibleParty>
<gmd:CI_ResponsibleParty>
<gmd:organisationName>
<gco:CharacterString>VT Agency of Education</gco:CharacterString>
</gmd:organisationName>
<gmd:contactInfo>
<gmd:CI_Contact>
<gmd:address>
<gmd:CI_Address>
<gmd:deliveryPoint>
<gco:CharacterString>Barre, VT 05641</gco:CharacterString>
</gmd:deliveryPoint>
</gmd:CI_Address>
</gmd:address>
</gmd:CI_Contact>
</gmd:contactInfo>
<gmd:role>
<gmd:CI_RoleCode codeList="http://www.isotc211.org/2005/resources/Codelist/gmxCodelists.xml#CI_RoleCode" codeListValue="publisher" codeSpace="ISOTC211/19115">publisher</gmd:CI_RoleCode>
</gmd:role>
</gmd:CI_ResponsibleParty>
</gmd:citedResponsibleParty>
<gmd:citedResponsibleParty>
<gmd:CI_ResponsibleParty>
<gmd:organisationName>
<gco:CharacterString>Vermont Agency of Education</gco:CharacterString>
</gmd:organisationName>
<gmd:contactInfo gco:nilReason="missing"/>
<gmd:role>
<gmd:CI_RoleCode codeList="http://www.isotc211.org/2005/resources/Codelist/gmxCodelists.xml#CI_RoleCode" codeListValue="originator" codeSpace="ISOTC211/19115">originator</gmd:CI_RoleCode>
</gmd:role>
</gmd:CI_ResponsibleParty>
</gmd:citedResponsibleParty>
<gmd:presentationForm>
<gmd:CI_PresentationFormCode codeList="http://www.isotc211.org/2005/resources/Codelist/gmxCodelists.xml#CI_PresentationFormCode" codeListValue="mapDigital" codeSpace="ISOTC211/19115">mapDigital</gmd:CI_PresentationFormCode>
</gmd:presentationForm>
<gmd:series>
<gmd:CI_Series>
<gmd:name>
<gco:CharacterString>Vermont School Locations</gco:CharacterString>
</gmd:name>
<gmd:issueIdentification>
<gco:CharacterString>2014a</gco:CharacterString>
</gmd:issueIdentification>
</gmd:CI_Series>
</gmd:series>
<gmd:otherCitationDetails>
<gco:CharacterString>Tile Structure - STATE</gco:CharacterString>
</gmd:otherCitationDetails>
</gmd:CI_Citation>
</gmd:citation>
<gmd:abstract>
<gco:CharacterString>(Link to Metadata) FacilitiesSchools_PTSCHOOL is designed to provide point locations of every Vermont School along with the established school ID (PSID) for geographic analysis of school statistical data. In 1997 Vermont's Regional Planning Commisions digitized the locations of the schools in their region using orthophotos, existing GIS data, and road maps. Maps of school locations were sent to each School Supervisory Union for verification of school location and name. The point covers created by the RPCs were appended to one cover by VCGI. In 2003 the data layer was revised by VCGI using an updated list of schools from the VT Department of Education. In 2004 VT Department of Education updated and validated the locations of the schools. In 2014, VT Department of Education updated the representations of Vermont's public K12 school locations for school year 2014. As part of posting that 2014 update, VCGI exported pre-existing post-secondary school features to a new separate feature class to retain information on post-secondary schools. Therefore, as of the 2014 update, this data set changed from containing one feature class for all schools to containing two feature classes, one with the new K12 data (302 points) and the other with pre-existing post-secondary data. FacilitiesSchools_PTSCHOOL should be used for general mapping purposes only.</gco:CharacterString>
</gmd:abstract>
<gmd:purpose>
<gco:CharacterString>General reference mapping.</gco:CharacterString>
</gmd:purpose>
<gmd:status>
<gmd:MD_ProgressCode codeList="http://www.isotc211.org/2005/resources/Codelist/gmxCodelists.xml#MD_ProgressCode" codeListValue="completed" codeSpace="ISOTC211/19115">completed</gmd:MD_ProgressCode>
</gmd:status>
<gmd:pointOfContact>
<gmd:CI_ResponsibleParty>
<gmd:organisationName>
<gco:CharacterString>VT Center for Geographic Information</gco:CharacterString>
</gmd:organisationName>
<gmd:contactInfo>
<gmd:CI_Contact>
<gmd:phone>
<gmd:CI_Telephone>
<gmd:voice>
<gco:CharacterString>802/882-3002</gco:CharacterString>
</gmd:voice>
<gmd:voice>
<gco:CharacterString>None</gco:CharacterString>
</gmd:voice>
<gmd:facsimile>
<gco:CharacterString>802/828-3383</gco:CharacterString>
</gmd:facsimile>
</gmd:CI_Telephone>
</gmd:phone>
<gmd:address>
<gmd:CI_Address>
<gmd:deliveryPoint>
<gco:CharacterString>1 National Life Dr., Davis Building, 6th Floor</gco:CharacterString>
</gmd:deliveryPoint>
<gmd:city>
<gco:CharacterString>Montpelier</gco:CharacterString>
</gmd:city>
<gmd:administrativeArea>
<gco:CharacterString>VT</gco:CharacterString>
</gmd:administrativeArea>
<gmd:postalCode>
<gco:CharacterString>05620-0501</gco:CharacterString>
</gmd:postalCode>
<gmd:country>
<gco:CharacterString>US</gco:CharacterString>
</gmd:country>
<gmd:electronicMailAddress>
<gco:CharacterString>accd.vcgiinfo@vermont.gov</gco:CharacterString>
</gmd:electronicMailAddress>
</gmd:CI_Address>
</gmd:address>
<gmd:hoursOfService>
<gco:CharacterString>9am - 5pm, M-F</gco:CharacterString>
</gmd:hoursOfService>
</gmd:CI_Contact>
</gmd:contactInfo>
<gmd:role>
<gmd:CI_RoleCode codeList="http://www.isotc211.org/2005/resources/Codelist/gmxCodelists.xml#CI_RoleCode" codeListValue="pointOfContact" codeSpace="ISOTC211/19115">pointOfContact</gmd:CI_RoleCode>
</gmd:role>
</gmd:CI_ResponsibleParty>
</gmd:pointOfContact>
<gmd:descriptiveKeywords>
<gmd:MD_Keywords>
<gmd:keyword>
<gco:CharacterString>vermont</gco:CharacterString>
</gmd:keyword>
<gmd:type>
<gmd:MD_KeywordTypeCode codeList="http://www.isotc211.org/2005/resources/Codelist/gmxCodelists.xml#MD_KeywordTypeCode" codeListValue="place" codeSpace="ISOTC211/19115">place</gmd:MD_KeywordTypeCode>
</gmd:type>
</gmd:MD_Keywords>
</gmd:descriptiveKeywords>
<gmd:descriptiveKeywords>
<gmd:MD_Keywords>
<gmd:keyword>
<gco:CharacterString>2014</gco:CharacterString>
</gmd:keyword>
<gmd:type>
<gmd:MD_KeywordTypeCode codeList="http://www.isotc211.org/2005/resources/Codelist/gmxCodelists.xml#MD_KeywordTypeCode" codeListValue="temporal" codeSpace="ISOTC211/19115">temporal</gmd:MD_KeywordTypeCode>
</gmd:type>
</gmd:MD_Keywords>
</gmd:descriptiveKeywords>
<gmd:descriptiveKeywords>
<gmd:MD_Keywords>
<gmd:keyword>
<gco:CharacterString>structure</gco:CharacterString>
</gmd:keyword>
<gmd:type>
<gmd:MD_KeywordTypeCode codeList="http://www.isotc211.org/2005/resources/Codelist/gmxCodelists.xml#MD_KeywordTypeCode" codeListValue="theme" codeSpace="ISOTC211/19115">theme</gmd:MD_KeywordTypeCode>
</gmd:type>
<gmd:thesaurusName>
<gmd:CI_Citation>
<gmd:title>
<gco:CharacterString>ISO 19115 Topic Category</gco:CharacterString>
</gmd:title>
<gmd:date gco:nilReason="missing"/>
<gmd:citedResponsibleParty gco:nilReason="missing"/>
</gmd:CI_Citation>
</gmd:thesaurusName>
</gmd:MD_Keywords>
</gmd:descriptiveKeywords>
<gmd:descriptiveKeywords>
<gmd:MD_Keywords>
<gmd:keyword>
<gco:CharacterString>school locations</gco:CharacterString>
</gmd:keyword>
<gmd:keyword>
<gco:CharacterString>K12</gco:CharacterString>
</gmd:keyword>
<gmd:keyword>
<gco:CharacterString>education</gco:CharacterString>
</gmd:keyword>
<gmd:keyword>
<gco:CharacterString>VT school locations</gco:CharacterString>
</gmd:keyword>
<gmd:keyword>
<gco:CharacterString>schools</gco:CharacterString>
</gmd:keyword>
<gmd:keyword>
<gco:CharacterString>vermont schools</gco:CharacterString>
</gmd:keyword>
<gmd:type>
<gmd:MD_KeywordTypeCode codeList="http://www.isotc211.org/2005/resources/Codelist/gmxCodelists.xml#MD_KeywordTypeCode" codeListValue="theme" codeSpace="ISOTC211/19115">theme</gmd:MD_KeywordTypeCode>
</gmd:type>
</gmd:MD_Keywords>
</gmd:descriptiveKeywords>
<gmd:descriptiveKeywords>
<gmd:MD_Keywords>
<gmd:keyword>
<gco:CharacterString>school locations</gco:CharacterString>
</gmd:keyword>
<gmd:keyword>
<gco:CharacterString>K12</gco:CharacterString>
</gmd:keyword>
<gmd:keyword>
<gco:CharacterString>education</gco:CharacterString>
</gmd:keyword>
<gmd:keyword>
<gco:CharacterString>VT school locations</gco:CharacterString>
</gmd:keyword>
<gmd:keyword>
<gco:CharacterString>schools</gco:CharacterString>
</gmd:keyword>
<gmd:keyword>
<gco:CharacterString>vermont schools</gco:CharacterString>
</gmd:keyword>
<gmd:type>
<gmd:MD_KeywordTypeCode codeList="http://www.isotc211.org/2005/resources/Codelist/gmxCodelists.xml#MD_KeywordTypeCode" codeListValue="theme" codeSpace="ISOTC211/19115">theme</gmd:MD_KeywordTypeCode>
</gmd:type>
</gmd:MD_Keywords>
</gmd:descriptiveKeywords>
<gmd:descriptiveKeywords>
<gmd:MD_Keywords>
<gmd:keyword>
<gco:CharacterString>school locations</gco:CharacterString>
</gmd:keyword>
<gmd:keyword>
<gco:CharacterString>K12</gco:CharacterString>
</gmd:keyword>
<gmd:keyword>
<gco:CharacterString>education</gco:CharacterString>
</gmd:keyword>
<gmd:keyword>
<gco:CharacterString>VT school locations</gco:CharacterString>
</gmd:keyword>
<gmd:keyword>
<gco:CharacterString>schools</gco:CharacterString>
</gmd:keyword>
<gmd:keyword>
<gco:CharacterString>vermont schools</gco:CharacterString>
</gmd:keyword>
<gmd:type>
<gmd:MD_KeywordTypeCode codeList="http://www.isotc211.org/2005/resources/Codelist/gmxCodelists.xml#MD_KeywordTypeCode" codeListValue="theme" codeSpace="ISOTC211/19115">theme</gmd:MD_KeywordTypeCode>
</gmd:type>
</gmd:MD_Keywords>
</gmd:descriptiveKeywords>
<gmd:descriptiveKeywords>
<gmd:MD_Keywords>
<gmd:keyword>
<gco:CharacterString>school locations</gco:CharacterString>
</gmd:keyword>
<gmd:keyword>
<gco:CharacterString>K12</gco:CharacterString>
</gmd:keyword>
<gmd:keyword>
<gco:CharacterString>education</gco:CharacterString>
</gmd:keyword>
<gmd:keyword>
<gco:CharacterString>VT school locations</gco:CharacterString>
</gmd:keyword>
<gmd:keyword>
<gco:CharacterString>schools</gco:CharacterString>
</gmd:keyword>
<gmd:keyword>
<gco:CharacterString>vermont schools</gco:CharacterString>
</gmd:keyword>
<gmd:type>
<gmd:MD_KeywordTypeCode codeList="http://www.isotc211.org/2005/resources/Codelist/gmxCodelists.xml#MD_KeywordTypeCode" codeListValue="theme" codeSpace="ISOTC211/19115">theme</gmd:MD_KeywordTypeCode>
</gmd:type>
</gmd:MD_Keywords>
</gmd:descriptiveKeywords>
<gmd:descriptiveKeywords>
<gmd:MD_Keywords>
<gmd:keyword>
<gco:CharacterString>school locations</gco:CharacterString>
</gmd:keyword>
<gmd:keyword>
<gco:CharacterString>K12</gco:CharacterString>
</gmd:keyword>
<gmd:keyword>
<gco:CharacterString>education</gco:CharacterString>
</gmd:keyword>
<gmd:keyword>
<gco:CharacterString>VT school locations</gco:CharacterString>
</gmd:keyword>
<gmd:keyword>
<gco:CharacterString>schools</gco:CharacterString>
</gmd:keyword>
<gmd:keyword>
<gco:CharacterString>vermont schools</gco:CharacterString>
</gmd:keyword>
<gmd:type>
<gmd:MD_KeywordTypeCode codeList="http://www.isotc211.org/2005/resources/Codelist/gmxCodelists.xml#MD_KeywordTypeCode" codeListValue="theme" codeSpace="ISOTC211/19115">theme</gmd:MD_KeywordTypeCode>
</gmd:type>
</gmd:MD_Keywords>
</gmd:descriptiveKeywords>
<gmd:descriptiveKeywords>
<gmd:MD_Keywords>
<gmd:keyword>
<gco:CharacterString>school locations</gco:CharacterString>
</gmd:keyword>
<gmd:keyword>
<gco:CharacterString>K12</gco:CharacterString>
</gmd:keyword>
<gmd:keyword>
<gco:CharacterString>education</gco:CharacterString>
</gmd:keyword>
<gmd:keyword>
<gco:CharacterString>VT school locations</gco:CharacterString>
</gmd:keyword>
<gmd:keyword>
<gco:CharacterString>schools</gco:CharacterString>
</gmd:keyword>
<gmd:keyword>
<gco:CharacterString>vermont schools</gco:CharacterString>
</gmd:keyword>
<gmd:type>
<gmd:MD_KeywordTypeCode codeList="http://www.isotc211.org/2005/resources/Codelist/gmxCodelists.xml#MD_KeywordTypeCode" codeListValue="theme" codeSpace="ISOTC211/19115">theme</gmd:MD_KeywordTypeCode>
</gmd:type>
</gmd:MD_Keywords>
</gmd:descriptiveKeywords>
<gmd:resourceConstraints>
<gmd:MD_Constraints>
<gmd:useLimitation>
<gco:CharacterString>VCGI and the State of VT make no representations of any kind, including but not limited to the warranties of merchantability or fitness for a particular use, nor are any such warranties to be implied with respect to the data, service, or application.</gco:CharacterString>
</gmd:useLimitation>
</gmd:MD_Constraints>
</gmd:resourceConstraints>
<gmd:resourceConstraints>
<gmd:MD_LegalConstraints>
<gmd:useLimitation>
<gco:CharacterString>VCGI and the State of Vermont make no representations of any kind, including but not limited to the warranties of merchantability or fitness for a particular use, nor are any such warranties to be implied with respect to the data.</gco:CharacterString>
</gmd:useLimitation>
<gmd:otherConstraints>
<gco:CharacterString>VCGI and the State of Vermont make no representations of any kind, including but not limited to the warranties of merchantability or fitness for a particular use, nor are any such warranties to be implied with respect to the data.</gco:CharacterString>
</gmd:otherConstraints>
</gmd:MD_LegalConstraints>
</gmd:resourceConstraints>
<gmd:resourceConstraints>
<gmd:MD_SecurityConstraints>
<gmd:classification>
<gmd:MD_ClassificationCode codeList="http://www.isotc211.org/2005/resources/Codelist/gmxCodelists.xml#MD_ClassificationCode" codeListValue="unclassified" codeSpace="ISOTC211/19115">unclassified</gmd:MD_ClassificationCode>
</gmd:classification>
<gmd:classificationSystem>
<gco:CharacterString>N/A</gco:CharacterString>
</gmd:classificationSystem>
<gmd:handlingDescription>
<gco:CharacterString>No Security Considerations</gco:CharacterString>
</gmd:handlingDescription>
</gmd:MD_SecurityConstraints>
</gmd:resourceConstraints>
<gmd:spatialRepresentationType>
<gmd:MD_SpatialRepresentationTypeCode codeList="http://www.isotc211.org/2005/resources/Codelist/gmxCodelists.xml#MD_SpatialRepresentationTypeCode" codeListValue="vector" codeSpace="ISOTC211/19115">vector</gmd:MD_SpatialRepresentationTypeCode>
</gmd:spatialRepresentationType>
<gmd:language>
<gmd:LanguageCode codeList="http://www.loc.gov/standards/iso639-2/php/code_list.php" codeListValue="eng" codeSpace="ISO639-2">eng</gmd:LanguageCode>
</gmd:language>
<gmd:characterSet>
<gmd:MD_CharacterSetCode codeList="http://www.isotc211.org/2005/resources/Codelist/gmxCodelists.xml#MD_CharacterSetCode" codeListValue="utf8" codeSpace="ISOTC211/19115">utf8</gmd:MD_CharacterSetCode>
</gmd:characterSet>
<gmd:topicCategory>
<gmd:MD_TopicCategoryCode>location</gmd:MD_TopicCategoryCode>
</gmd:topicCategory>
<gmd:topicCategory>
<gmd:MD_TopicCategoryCode>structure</gmd:MD_TopicCategoryCode>
</gmd:topicCategory>
<gmd:environmentDescription>
<gco:CharacterString>ESRI ArcGIS software</gco:CharacterString>
</gmd:environmentDescription>
<gmd:extent>
<gmd:EX_Extent>
<gmd:geographicElement>
<gmd:EX_GeographicBoundingBox>
<gmd:westBoundLongitude>
<gco:Decimal>-73.454162</gco:Decimal>
</gmd:westBoundLongitude>
<gmd:eastBoundLongitude>
<gco:Decimal>-71.465281</gco:Decimal>
</gmd:eastBoundLongitude>
<gmd:southBoundLatitude>
<gco:Decimal>42.722789</gco:Decimal>
</gmd:southBoundLatitude>
<gmd:northBoundLatitude>
<gco:Decimal>45.018361</gco:Decimal>
</gmd:northBoundLatitude>
</gmd:EX_GeographicBoundingBox>
</gmd:geographicElement>
</gmd:EX_Extent>
</gmd:extent>
<gmd:extent>
<gmd:EX_Extent>
<gmd:description>
<gco:CharacterString>20140606</gco:CharacterString>
</gmd:description>
<gmd:temporalElement>
<gmd:EX_TemporalExtent>
<gmd:extent>
<gml:TimeInstant gml:id="N65762">
<gml:timePosition>2014-01-01</gml:timePosition>
</gml:TimeInstant>
</gmd:extent>
</gmd:EX_TemporalExtent>
</gmd:temporalElement>
</gmd:EX_Extent>
</gmd:extent>
</gmd:MD_DataIdentification>
</gmd:identificationInfo>
<gmd:distributionInfo>
<gmd:MD_Distribution>
<gmd:distributionFormat>
<gmd:MD_Format>
<gmd:name>
<gco:CharacterString>SHP</gco:CharacterString>
</gmd:name>
<gmd:version gco:nilReason="missing"/>
<gmd:specification>
<gco:CharacterString>ESRI Shapefile format (compressed to ZIP format)</gco:CharacterString>
</gmd:specification>
<gmd:fileDecompressionTechnique>
<gco:CharacterString>ZIP decompression software</gco:CharacterString>
</gmd:fileDecompressionTechnique>
</gmd:MD_Format>
</gmd:distributionFormat>
<gmd:distributor>
<gmd:MD_Distributor>
<gmd:distributorContact>
<gmd:CI_ResponsibleParty>
<gmd:organisationName>
<gco:CharacterString>VT Center for Geographic Information</gco:CharacterString>
</gmd:organisationName>
<gmd:contactInfo>
<gmd:CI_Contact>
<gmd:phone>
<gmd:CI_Telephone>
<gmd:voice>
<gco:CharacterString>802/882-3002</gco:CharacterString>
</gmd:voice>
<gmd:voice>
<gco:CharacterString>None</gco:CharacterString>
</gmd:voice>
<gmd:facsimile>
<gco:CharacterString>802/828-3383</gco:CharacterString>
</gmd:facsimile>
</gmd:CI_Telephone>
</gmd:phone>
<gmd:address>
<gmd:CI_Address>
<gmd:deliveryPoint>
<gco:CharacterString>1 National Life Dr., Davis Building, 6th Floor</gco:CharacterString>
</gmd:deliveryPoint>
<gmd:city>
<gco:CharacterString>Montpelier</gco:CharacterString>
</gmd:city>
<gmd:administrativeArea>
<gco:CharacterString>VT</gco:CharacterString>
</gmd:administrativeArea>
<gmd:postalCode>
<gco:CharacterString>05620-0501</gco:CharacterString>
</gmd:postalCode>
<gmd:country>
<gco:CharacterString>US</gco:CharacterString>
</gmd:country>
<gmd:electronicMailAddress>
<gco:CharacterString>accd.vcgiinfo@vermont.gov</gco:CharacterString>
</gmd:electronicMailAddress>
</gmd:CI_Address>
</gmd:address>
<gmd:hoursOfService>
<gco:CharacterString>9am - 5pm, M-F</gco:CharacterString>
</gmd:hoursOfService>
</gmd:CI_Contact>
</gmd:contactInfo>
<gmd:role>
<gmd:CI_RoleCode codeList="http://www.isotc211.org/2005/resources/Codelist/gmxCodelists.xml#CI_RoleCode" codeListValue="distributor" codeSpace="ISOTC211/19115">distributor</gmd:CI_RoleCode>
</gmd:role>
</gmd:CI_ResponsibleParty>
</gmd:distributorContact>
<gmd:distributionOrderProcess>
<gmd:MD_StandardOrderProcess>
<gmd:fees>
<gco:CharacterString>No charge when downloading from the internet, and when no custom processing is required.</gco:CharacterString>
</gmd:fees>
<plannedAvailableDateTime>
<gco:DateTime>2003-02-17T00:00:00</gco:DateTime>
</plannedAvailableDateTime>
<gmd:orderingInstructions>
<gco:CharacterString>Send an email describing data request to accd.vcgiinfo@vermont.gov</gco:CharacterString>
</gmd:orderingInstructions>
<gmd:turnaround>
<gco:CharacterString>About 5 days.</gco:CharacterString>
</gmd:turnaround>
</gmd:MD_StandardOrderProcess>
</gmd:distributionOrderProcess>
</gmd:MD_Distributor>
</gmd:distributor>
<gmd:transferOptions>
<gmd:MD_DigitalTransferOptions>
<gmd:onLine>
<gmd:CI_OnlineResource>
<gmd:linkage>
<gmd:URL>http://maps.vcgi.vermont.gov/gisdata/vcgi/packaged_zips/FacilitiesSchools_PTSCHOOL.zip</gmd:URL>
</gmd:linkage>
<gmd:protocol gco:nilReason="missing"/>
<gmd:name>
<gco:CharacterString>Download Pre-packaged Data</gco:CharacterString>
</gmd:name>
<gmd:function>
<gmd:CI_OnLineFunctionCode codeList="http://www.isotc211.org/2005/resources/Codelist/gmxCodelists.xml#CI_OnLineFunctionCode" codeListValue="download" codeSpace="ISOTC211/19115">download</gmd:CI_OnLineFunctionCode>
</gmd:function>
</gmd:CI_OnlineResource>
</gmd:onLine>
</gmd:MD_DigitalTransferOptions>
</gmd:transferOptions>
<gmd:transferOptions>
<gmd:MD_DigitalTransferOptions>
<gmd:onLine>
<gmd:CI_OnlineResource>
<gmd:linkage>
<gmd:URL>http://maps.vcgi.vermont.gov/gisdata/vcgi/packaged_zips/FacilitiesSchools_PTSCHOOL.zip</gmd:URL>
</gmd:linkage>
<gmd:protocol gco:nilReason="missing"/>
<gmd:description>
<gco:CharacterString>Download from web site.</gco:CharacterString>
</gmd:description>
</gmd:CI_OnlineResource>
</gmd:onLine>
</gmd:MD_DigitalTransferOptions>
</gmd:transferOptions>
<gmd:transferOptions>
<gmd:MD_DigitalTransferOptions>
<gmd:offLine>
<gmd:MD_Medium>
<gmd:name>
<gmd:MD_MediumNameCode codeList="http://www.fgdc.gov/nap/metadata/register/codelists.html#napMD_MediumNameCode" codeListValue="USBFlashDrive" codeSpace="ISOTC211/19139/NAP">USBFlashDrive</gmd:MD_MediumNameCode>
</gmd:name>
</gmd:MD_Medium>
</gmd:offLine>
</gmd:MD_DigitalTransferOptions>
</gmd:transferOptions>
<gmd:transferOptions>
<gmd:MD_DigitalTransferOptions/>
</gmd:transferOptions>
</gmd:MD_Distribution>
</gmd:distributionInfo>
<gmd:dataQualityInfo>
<gmd:DQ_DataQuality>
<gmd:scope>
<gmd:DQ_Scope>
<gmd:level>
<gmd:MD_ScopeCode codeList="http://www.isotc211.org/2005/resources/Codelist/gmxCodelists.xml#MD_ScopeCode" codeListValue="dataset" codeSpace="ISOTC211/19115">dataset</gmd:MD_ScopeCode>
</gmd:level>
</gmd:DQ_Scope>
</gmd:scope>
<gmd:report>
<gmd:DQ_CompletenessOmission>
<gmd:measureDescription>
<gco:CharacterString>The initial data point digitized in 1997 were evaluated using test plots of school locations for each school district were sent to school Supervisory Unions for verification of location accuracy and school name. The data layer was revised by VCGI in 2003. Updates were made by a GIS Technician (Ryan Ochs). 1. Compared with the state list.(matched on psid) 2. Pulled all the non-matching, tech schools, and post-secondaryinstitutions.(created a y/n match field) 3. Manually checked the non matching schools to see what may have inadvertently been pulled out. Done by checking state sites, emailing, etc. 4. Merged the tech schools and colleges back in to the layer. 5. Checked the college and tech schools to verify existence. Removed the non-existing ones. 6. Merged with county and tbhash to get correct county names. Also added fips6 field. VCGI posted new data to this data set in 2014. 1. Vermont Agency of Education provided new data for public K12 schools to VCGI. 2. VCGI exported records of pre-existing feature class with POSTSEC=Y to a new separate feature class. 3. VCGI replaced the pre-existing feature class with the new K12 data and renamed that feature class.</gco:CharacterString>
</gmd:measureDescription>
<gmd:result gco:nilReason="missing"/>
</gmd:DQ_CompletenessOmission>
</gmd:report>
<gmd:lineage>
<gmd:LI_Lineage>
<gmd:processStep>
<gmd:LI_ProcessStep>
<gmd:description>
<gco:CharacterString>Original Coverage integration and Documention - Operator = David Long, VCGI</gco:CharacterString>
</gmd:description>
<dateTime>
<gco:DateTime>1996-12-10T00:00:00</gco:DateTime>
</dateTime>
</gmd:LI_ProcessStep>
</gmd:processStep>
<gmd:processStep>
<gmd:LI_ProcessStep>
<gmd:description>
<gco:CharacterString>Integrated rest of schools, did quality control. - Operator = Alice Doyle, VCGI</gco:CharacterString>
</gmd:description>
<dateTime>
<gco:DateTime>1997-07-07T00:00:00</gco:DateTime>
</dateTime>
</gmd:LI_ProcessStep>
</gmd:processStep>
<gmd:processStep>
<gmd:LI_ProcessStep>
<gmd:description>
<gco:CharacterString>Two school district IDs updated. Operator = Steve Sharp, VCGI</gco:CharacterString>
</gmd:description>
<dateTime>
<gco:DateTime>1998-11-17T00:00:00</gco:DateTime>
</dateTime>
</gmd:LI_ProcessStep>
</gmd:processStep>
<gmd:processStep>
<gmd:LI_ProcessStep>
<gmd:description>
<gco:CharacterString>The data layer was revised by VCGI in 2003. Updates were made by a GIS Technician (Ryan Ochs). Operator = Steve Sharp, VCGI 1. Compared with the state list.(matched on psid) 2. Pulled all the non-matching, tech schools, and post-secondaryinstitutions.(created a y/n match field) 3. Manually checked the non matching schools to see what may haveinadvertently been pulled out. Done by checking state sites, emailing, etc. 4. Merged the tech schools and colleges back in to the layer. 5. Checked the college and tech schools to verify existence. Removed the non-existing ones. 6. Merged with county and tbhash to get correct county names. Also added fips6 field. 7. Cleaned out unnecessary fields.</gco:CharacterString>
</gmd:description>
<dateTime>
<gco:DateTime>2003-02-17T00:00:00</gco:DateTime>
</dateTime>
</gmd:LI_ProcessStep>
</gmd:processStep>
<gmd:processStep>
<gmd:LI_ProcessStep>
<gmd:description>
<gco:CharacterString>Updates for the locations of the following schools were provided by the Vermont Departmnet of Education: Currier Memorial USD #23, Salisbury School, Brookline Elementary School, Braintree School, and Fletcher Elementary School. Corrections were based on inconsistencies with other Dept. of Education data sets and phone calls to the schools to confirm the locations. Operator = Tom Williams, VCGI</gco:CharacterString>
</gmd:description>
<dateTime>
<gco:DateTime>2004-09-07T00:00:00</gco:DateTime>
</dateTime>
</gmd:LI_ProcessStep>
</gmd:processStep>
<gmd:processStep>
<gmd:LI_ProcessStep>
<gmd:description>
<gco:CharacterString>1. VCGI exported records of pre-existing feature class with POSTSEC=Y to a new separate feature class. Named that new featureclass Facilities_PTSCHOOL_point_postsec. 2. VCGI replaced the pre-existing feature class with the new K12 data and renamed that feature class from Facilities_PTSCHOOL_point to Facilities_PTSCHOOL_point_K12. Operator = Ivan Brown, VCGI</gco:CharacterString>
</gmd:description>
<dateTime>
<gco:DateTime>2014-12-16T00:00:00</gco:DateTime>
</dateTime>
</gmd:LI_ProcessStep>
</gmd:processStep>
<gmd:source>
<gmd:LI_Source>
<gmd:description>
<gco:CharacterString>RPCs</gco:CharacterString>
</gmd:description>
<gmd:sourceCitation>
<gmd:CI_Citation>
<gmd:title>
<gco:CharacterString>FacilitiesSchools_PTSCHOOL</gco:CharacterString>
</gmd:title>
<gmd:date>
<gmd:CI_Date>
<date>
<gco:Date>2003-02-17</gco:Date>
</date>
<gmd:dateType>
<gmd:CI_DateTypeCode codeList="http://www.isotc211.org/2005/resources/Codelist/gmxCodelists.xml#CI_DateTypeCode" codeListValue="publication" codeSpace="ISOTC211/19115">publication</gmd:CI_DateTypeCode>
</gmd:dateType>
</gmd:CI_Date>
</gmd:date>
<gmd:citedResponsibleParty gco:nilReason="missing"/>
</gmd:CI_Citation>
</gmd:sourceCitation>
<gmd:sourceExtent>
<gmd:EX_Extent>
<gmd:description>
<gco:CharacterString>ground condition</gco:CharacterString>
</gmd:description>
<gmd:temporalElement>
<gmd:EX_TemporalExtent>
<gmd:extent>
<gml:TimeInstant gml:id="N65973">
<gml:timePosition>1996-12-10</gml:timePosition>
</gml:TimeInstant>
</gmd:extent>
</gmd:EX_TemporalExtent>
</gmd:temporalElement>
</gmd:EX_Extent>
</gmd:sourceExtent>
</gmd:LI_Source>
</gmd:source>
</gmd:LI_Lineage>
</gmd:lineage>
</gmd:DQ_DataQuality>
</gmd:dataQualityInfo>
<gmd:metadataConstraints>
<gmd:MD_SecurityConstraints>
<gmd:classification>
<gmd:MD_ClassificationCode codeList="http://www.isotc211.org/2005/resources/Codelist/gmxCodelists.xml#MD_ClassificationCode" codeListValue="unclassified" codeSpace="ISOTC211/19115">unclassified</gmd:MD_ClassificationCode>
</gmd:classification>
<gmd:classificationSystem>
<gco:CharacterString>N/A</gco:CharacterString>
</gmd:classificationSystem>
<gmd:handlingDescription>
<gco:CharacterString>No security considerations</gco:CharacterString>
</gmd:handlingDescription>
</gmd:MD_SecurityConstraints>
</gmd:metadataConstraints>
</gmd:MD_Metadata>
